condition,n_features,mean_auc,std_auc,brier,delta_vs_full,p_vs_full,boot_mean,boot_lo,boot_hi
Temporal_Only,22,0.7222,0.2992,0.2504,0.0556,0.1573,0.8626,0.7222,0.9722
No_Spatial,22,0.7222,0.2992,0.2504,0.0556,0.1573,,,
No_Delta,25,0.6944,0.3391,0.2351,0.0278,0.7055,,,
Full_Model,27,0.6667,0.3333,0.2514,0.0,,0.8543,0.6944,0.9722
No_Pose,21,0.6389,0.4016,0.2338,-0.0278,0.763,,,
EAR_Blink_Only,9,0.6111,0.4267,0.2758,-0.0556,0.5637,,,
Velocity_Only,7,0.5833,0.4488,0.2636,-0.0833,0.3657,,,
No_Velocity,20,0.5833,0.4167,0.2815,-0.0833,0.4054,,,
No_EAR_Blink,18,0.5833,0.4167,0.264,-0.0833,0.3657,,,
No_Temporal,5,0.5556,0.4045,0.2746,-0.1111,0.3341,,,
Spatial_Only,5,0.5556,0.4045,0.2746,-0.1111,0.3341,0.8294,0.6667,0.9722
MPD_SGE_Only,5,0.5556,0.4045,0.2746,-0.1111,0.3341,,,
Pose_Dynamics_Only,6,0.4722,0.3525,0.3024,-0.1944,0.0833,,,
